Group,Author,uTime,Normal Time,HH:MM:SS,Text,Permalink,Likes
zoommemes,Emily Woodward,1593106765,2020-06-25 17:39:25 PDT-0700,17:39:25,Gotta get dressed up for the supermarket,,2600
zoommemes,Humans of Tumblr,1593329580,2020-06-28 07:33:00 PDT-0700,07:33:00,oh,,31
zoommemes,Ervin Baccay,1593145813,2020-06-26 04:30:13 PDT-0700,04:30:13,,,4700
zoommemes,Akshay Gupta,1593237632,2020-06-27 06:00:32 PDT-0700,06:00:32,Made this in honor of 104 days back home...,,9000
zoommemes,Men's Humor,1593329572,2020-06-28 07:32:52 PDT-0700,07:32:52,,,6
zoommemes,Nickia Muraskin,1592867283,2020-06-22 23:08:03 PDT-0700,23:08:03,,,3500
zoommemes,Dubem Ogwulumba,1592867173,2020-06-22 23:06:13 PDT-0700,23:06:13,,,1600
zoommemes,Ray Sunny,1593106618,2020-06-25 17:36:58 PDT-0700,17:36:58,postquarantine girls after being scarred from staying six feet apart for so long edit whoa i posted this a long time ago .... given how lonely quarantine has been Ill be accepting applications of men of any height now,,1200
zoommemes,Josef Hicks,1593329566,2020-06-28 07:32:46 PDT-0700,07:32:46,,,420
zoommemes,I did not slap you<comma> I high fived your face,1593329555,2020-06-28 07:32:35 PDT-0700,07:32:35,I painted the only two things I know anymore. Animal crossing and quarantine,,2
zoommemes,Nikita Redkar,1592765931,2020-06-21 18:58:51 PDT-0700,18:58:51,When you want to high five your homies but COVID19 says no,,2100
zoommemes,Rachel Levy,1593106390,2020-06-25 17:33:10 PDT-0700,17:33:10,,,2200
zoommemes,Aarin Kim,1592765746,2020-06-21 18:55:46 PDT-0700,18:55:46,,,4300
zoommemes,Varun Iyer,1593146584,2020-06-26 04:43:04 PDT-0700,04:43:04,,,10000
zoommemes,Raksha Kannan,1593106498,2020-06-25 17:34:58 PDT-0700,17:34:58,,,6400
zoommemes,Ali Azfar,1593107992,2020-06-25 17:59:52 PDT-0700,17:59:52,other single people me,,1500
zoommemes,Jason Hanson,1592867206,2020-06-22 23:06:46 PDT-0700,23:06:46,2020 does not quit,,3200
zoommemes,Jeff Liu,1593022026,2020-06-24 18:07:06 PDT-0700,18:07:06,Asking for a friend to note I did not make this I got it from another page,,1300
zoommemes,Mohammed Arafat,1593146197,2020-06-26 04:36:37 PDT-0700,04:36:37,The aCCURACY.,,2700
zoommemes,Austin Morgan,1593208563,2020-06-26 21:56:03 PDT-0700,21:56:03,A small price to pay for salvation,,16000
zoommemes,Alex Weitzman,1593106938,2020-06-25 17:42:18 PDT-0700,17:42:18,,,3500
zoommemes,Amit Kulkarni,1593042890,2020-06-24 23:54:50 PDT-0700,23:54:50,,,20000
zoommemes,Jing Winn Farlow,1592798373,2020-06-22 03:59:33 PDT-0700,03:59:33,Doctors in 2021 after graduating from Zoom School of Medicine,,3100
zoommemes,Grace Mathias,1593107819,2020-06-25 17:56:59 PDT-0700,17:56:59,Quarantine making my friend so stupid go crazy.  Please send your words of encouragement to liladingding on insta,,10000
zoommemes,Devanshu Desai,1593237647,2020-06-27 06:00:47 PDT-0700,06:00:47,,,13000
zoommemes,Josh Vignolles,1592762212,2020-06-21 17:56:52 PDT-0700,17:56:52,,,16000
zoommemes,Alex Inkiow,1593022916,2020-06-24 18:21:56 PDT-0700,18:21:56,,,7000
zoommemes,Shanze Hassan Zaidi,1593107254,2020-06-25 17:47:34 PDT-0700,17:47:34,,,5900
zoommemes,Cindy Qiang,1593015905,2020-06-24 16:25:05 PDT-0700,16:25:05,me after writing my name and student id for an essay,,2600
zoommemes,Emily Chan,1593237006,2020-06-27 05:50:06 PDT-0700,05:50:06,Me Hey university are we coming back in the fall Email from the university,,3400
zoommemes,Manic bi polar bear,1592762381,2020-06-21 17:59:41 PDT-0700,17:59:41,Move bitch<comma> get out the way Get out the way bitch<comma> get out the way,,3100
zoommemes,Nathaniel Galang,1593106504,2020-06-25 17:35:04 PDT-0700,17:35:04,,,3400
zoommemes,Peter Sauer,1593106909,2020-06-25 17:41:49 PDT-0700,17:41:49,put on a backpack today just to feel something,,7000
zoommemes,Aaditya Borse,1592867245,2020-06-22 23:07:25 PDT-0700,23:07:25,,,9000
zoommemes,Jeffrey Wang,1593232733,2020-06-27 04:38:53 PDT-0700,04:38:53,Legit the only meme i can relate to since this is what my CC did to me all over my city lol,,10000
zoommemes,Jose Andres Montoya Cabrera,1593106878,2020-06-25 17:41:18 PDT-0700,17:41:18,Ouch.,,3700
zoommemes,Zar Pras,1593107152,2020-06-25 17:45:52 PDT-0700,17:45:52,,,660
zoommemes,Jashley Nicole,1592928754,2020-06-23 16:12:34 PDT-0700,16:12:34,Im more of a Call of Duty kinda guy,,2300
zoommemes,Jessica Block,1593107501,2020-06-25 17:51:41 PDT-0700,17:51:41,,,2200
zoommemes,Winnie Singh,1592798247,2020-06-22 03:57:27 PDT-0700,03:57:27,Does anyone here actually own more than one mask,,3000
zoommemes,Kankshini Pabba,1592867370,2020-06-22 23:09:30 PDT-0700,23:09:30,Deep fried in guilt and needing to ketchup.,,7500
zoommemes,The Educated Moron,1592762379,2020-06-21 17:59:39 PDT-0700,17:59:39,New day<comma> same sun ,,2800
zoommemes,Advait Arun,1593146266,2020-06-26 04:37:46 PDT-0700,04:37:46,Okay fellas<comma> post your tinder progress throughout quarantine,,945
zoommemes,Tia Mehta,1593015900,2020-06-24 16:25:00 PDT-0700,16:25:00,hows your quarantine flabs treating yall,,2200
zoommemes,I be like,1592904598,2020-06-23 09:29:58 PDT-0700,09:29:58,,,35000
zoommemes,Emilio Salamanca,1593107772,2020-06-25 17:56:12 PDT-0700,17:56:12,It me.,,245
zoommemes,Lovish Madaan,1593106534,2020-06-25 17:35:34 PDT-0700,17:35:34,Finals season has me like,,10000
zoommemes,Aaron Yap,1592798340,2020-06-22 03:59:00 PDT-0700,03:59:00,this man out here living in 3020,,1100
zoommemes,Aviral Pandey,1593022415,2020-06-24 18:13:35 PDT-0700,18:13:35,,,3000
zoommemes,Gayathri Chaganti,1592765843,2020-06-21 18:57:23 PDT-0700,18:57:23,,,8200
zoommemes,Muskaa Zamani,1593022351,2020-06-24 18:12:31 PDT-0700,18:12:31,For some reason we thought we were better than them.,,9700
zoommemes,Jeremiah Nordstrom,1593194056,2020-06-26 17:54:16 PDT-0700,17:54:16,still waitin,,2300
zoommemes,Vicky Cheng,1592867233,2020-06-22 23:07:13 PDT-0700,23:07:13,What do you call a college student waking up for online classes a ZOOMbie ,,1600
zoommemes,Diego Stine,1592867969,2020-06-22 23:19:29 PDT-0700,23:19:29,and thats on gaining that quarantine19 ,,9200
zoommemes,Jashley Nicole,1592867996,2020-06-22 23:19:56 PDT-0700,23:19:56,,,11000
zoommemes,Jesse Uwu,1593021999,2020-06-24 18:06:39 PDT-0700,18:06:39,,,3300
zoommemes,Holly Lawrenson Evans,1592798298,2020-06-22 03:58:18 PDT-0700,03:58:18,Sad reacs only,,2100
zoommemes,Eve Many-Flowers,1593237609,2020-06-27 06:00:09 PDT-0700,06:00:09,,,2800
zoommemes,Nick Ang,1593106985,2020-06-25 17:43:05 PDT-0700,17:43:05,The current situation of the raccoons in Sixth,,745
zoommemes,Arik Schneider,1592762198,2020-06-21 17:56:38 PDT-0700,17:56:38,following the news of the apparent alt tiktok scheme this morning,,5500
zoommemes,James Erickson,1593193985,2020-06-26 17:53:05 PDT-0700,17:53:05,When youre the last one to leave the breakout room,,1800
zoommemes,Adam Erickson,1592993971,2020-06-24 10:19:31 PDT-0700,10:19:31,,,7900
zoommemes,Srishti Sarkar,1593047480,2020-06-25 01:11:20 PDT-0700,01:11:20,Day 127 of quarantine Reconsidering career path,,2700
zoommemes,Michael J. Epstein,1593107037,2020-06-25 17:43:57 PDT-0700,17:43:57,As a senior<comma> this hits ever harder...,,11000
zoommemes,Veltson Bastien,1593106482,2020-06-25 17:34:42 PDT-0700,17:34:42,The new way to greet people,,1200
zoommemes,Amanda Morningstar,1593106494,2020-06-25 17:34:54 PDT-0700,17:34:54,A big finals mood,,793
zoommemes,Allison Ou,1593106850,2020-06-25 17:40:50 PDT-0700,17:40:50,Though I am out of college by a couple of years and just here for the quality memes<comma> I wanted to share with you all one of the PEAKS of my academic career,,3600
zoommemes,Shady Lawendy,1592904553,2020-06-23 09:29:13 PDT-0700,09:29:13,Math is applicable to real life<comma> they said,,1800
zoommemes,Kankshini Pabba,1593022399,2020-06-24 18:13:19 PDT-0700,18:13:19,,,2400
zoommemes,Aaron Ocken,1592762302,2020-06-21 17:58:22 PDT-0700,17:58:22,Autorotate go brrrr.,,11000
zoommemes,Saad Shah,1593107443,2020-06-25 17:50:43 PDT-0700,17:50:43,any of you planning on going to quarchella edit bruh deadass this took 2 months to get approved LOL,,324
zoommemes,Amelia Angelina,1593193951,2020-06-26 17:52:31 PDT-0700,17:52:31,Homemade bullshit,,2400
zoommemes,Memes,1593232468,2020-06-27 04:34:28 PDT-0700,04:34:28,Swiped my college ID while entering the kitchen today just to feel something. Edit now that I have everyones attention damn wtf go check out this performing arts series I founded called Literary Music Series. Much love. ,,10000
zoommemes,Justin Chiang,1593204460,2020-06-26 20:47:40 PDT-0700,20:47:40,Wow,,9000
zoommemes,Ahmad Afiq Adam,1592867168,2020-06-22 23:06:08 PDT-0700,23:06:08,,,166
zoommemes,Sagar Nandeshwar,1593106374,2020-06-25 17:32:54 PDT-0700,17:32:54,Zoom University reaccs only,,85
zoommemes,Gia Huy,1593237641,2020-06-27 06:00:41 PDT-0700,06:00:41,,,3100
zoommemes,James MacDonald,1593042707,2020-06-24 23:51:47 PDT-0700,23:51:47,,,2000
zoommemes,Emily Guo,1593022128,2020-06-24 18:08:48 PDT-0700,18:08:48,Where my Pokémon fans at<comma> can we get an F in the chat for sinnoh remakes,,712
zoommemes,Quinn Campagna,1593106427,2020-06-25 17:33:47 PDT-0700,17:33:47,sighs ,,142
zoommemes,Alina Joy,1592867669,2020-06-22 23:14:29 PDT-0700,23:14:29, Will,,1600
zoommemes,Arsh Gupta,1593107524,2020-06-25 17:52:04 PDT-0700,17:52:04,Experiencing a whole existential crisis of being ignored by the homies then realizing u been on mute for 20 minutes,,3400
zoommemes,Rishabh Verma,1593022224,2020-06-24 18:10:24 PDT-0700,18:10:24,,,10000
zoommemes,Lovish Madaan,1593106810,2020-06-25 17:40:10 PDT-0700,17:40:10,,,6300
zoommemes,Michael Powers,1593042951,2020-06-24 23:55:51 PDT-0700,23:55:51,,,3900
zoommemes,Ben Freedman,1593042921,2020-06-24 23:55:21 PDT-0700,23:55:21,When you and your housemates have too much time on your hands in iso... Credits to the OG video,,175
zoommemes,Natalie Vargas Nedvetsky,1593197957,2020-06-26 18:59:17 PDT-0700,18:59:17,,,1000
zoommemes,Rachel Wang,1592798453,2020-06-22 04:00:53 PDT-0700,04:00:53,Eels missing their daily dose of social interaction ,,5400
zoommemes,Alexandra,1592867468,2020-06-22 23:11:08 PDT-0700,23:11:08,,,12000
zoommemes,My Jesus Jam,1592766084,2020-06-21 19:01:24 PDT-0700,19:01:24,This is my life now,,2500
zoommemes,Flannery Gallagher,1592766006,2020-06-21 19:00:06 PDT-0700,19:00:06,To think that professors could stoop any lower,,22000
zoommemes,Lovepreet Singh Saini,1593047492,2020-06-25 01:11:32 PDT-0700,01:11:32,Come to class for Zoom<comma> stay for Piazza,,1000
zoommemes,Ivy Yu,1592867917,2020-06-22 23:18:37 PDT-0700,23:18:37,How to social distance 101,,658
zoommemes,Linda Silva Silva,1592867973,2020-06-22 23:19:33 PDT-0700,23:19:33,I guess fires arent a big deal these days,,2700
zoommemes,Andres Antonio,1592762190,2020-06-21 17:56:30 PDT-0700,17:56:30,still not downloading tiktok<comma> sorry,,3100
zoommemes,Judy Le,1593193998,2020-06-26 17:53:18 PDT-0700,17:53:18,A introverts dreams ,,2700
zoommemes,Rhiannon O'Berry,1593022065,2020-06-24 18:07:45 PDT-0700,18:07:45,hahahahHAHAHAHAHA....aw ,,580
zoommemes,Science Memes,1593042913,2020-06-24 23:55:13 PDT-0700,23:55:13,Thank you Mr. Google,,7300
zoommemes,Leo Yeung,1593146307,2020-06-26 04:38:27 PDT-0700,04:38:27,and thats on not knowing when to halve the recipe ,,1100
zoommemes,Angel Ramirez,1592904599,2020-06-23 09:29:59 PDT-0700,09:29:59,,,1700
zoommemes,Andrea Torres,1593197781,2020-06-26 18:56:21 PDT-0700,18:56:21,My quaroutine may not be the healthiest or most productive<comma> but I STAND BY the fact that I have NOT done anything weird with my hair.  Btw can we just appreciate how I came up with quaroutine,,1900
zoommemes,Akanksha Singh,1593023241,2020-06-24 18:27:21 PDT-0700,18:27:21,,,7100
zoommemes,Unofficial: Overly Attached Girlfriend,1593022469,2020-06-24 18:14:29 PDT-0700,18:14:29,something beyond my wildest dreams...,,2300
zoommemes,Sophia Chrysanthos,1592867426,2020-06-22 23:10:26 PDT-0700,23:10:26,How is grad school going,,5100
zoommemes,Erdene Suvd,1593107167,2020-06-25 17:46:07 PDT-0700,17:46:07,,,126
zoommemes,Emma Tan,1593107869,2020-06-25 17:57:49 PDT-0700,17:57:49,it be like that sometimes,,117
zoommemes,Court Duns,1592765804,2020-06-21 18:56:44 PDT-0700,18:56:44,God damn...,,675
zoommemes,Erick Pierre,1593106653,2020-06-25 17:37:33 PDT-0700,17:37:33,,,4100
zoommemes,Joe Arnone,1593107467,2020-06-25 17:51:07 PDT-0700,17:51:07,,,484
zoommemes,Jonah Gottesman,1593197955,2020-06-26 18:59:15 PDT-0700,18:59:15,,,3000
zoommemes,Shawn Koo,1593106788,2020-06-25 17:39:48 PDT-0700,17:39:48,Facebook team lets add a reaction that people can use during this pandemic to show that they care about whats going on Me uses the care react on photos of cats,,2400
zoommemes,Hersh Gupta,1592867194,2020-06-22 23:06:34 PDT-0700,23:06:34,,,4800
zoommemes,Jessica Rivera,1592798489,2020-06-22 04:01:29 PDT-0700,04:01:29,,,4100
zoommemes,Justin Chiang,1593204342,2020-06-26 20:45:42 PDT-0700,20:45:42,bruh,,405
zoommemes,Jimmi Hopkins,1593047535,2020-06-25 01:12:15 PDT-0700,01:12:15,Sighs,,16000
zoommemes,Introvert Problems,1593146251,2020-06-26 04:37:31 PDT-0700,04:37:31,Something does not check out ,,8100
zoommemes,Jessica Block,1593047446,2020-06-25 01:10:46 PDT-0700,01:10:46,Quarantine ,,238
zoommemes,Paulo Brandão,1593232704,2020-06-27 04:38:24 PDT-0700,04:38:24,,,3000
zoommemes,Jess Ding,1593237047,2020-06-27 05:50:47 PDT-0700,05:50:47,,,2800
zoommemes,Alexander Wu,1593106703,2020-06-25 17:38:23 PDT-0700,17:38:23,,,125
zoommemes,Marie O'Shea,1593047485,2020-06-25 01:11:25 PDT-0700,01:11:25,Student debt is terrifying,,199
zoommemes,Julie Huang,1593106928,2020-06-25 17:42:08 PDT-0700,17:42:08,quarantine has greatly enriched piazza content,,376
zoommemes,Kankshini Pabba,1593237000,2020-06-27 05:50:00 PDT-0700,05:50:00,Perry the platypus is an American hero  found on Instagram,,14000
zoommemes,Hao Tang,1592766032,2020-06-21 19:00:32 PDT-0700,19:00:32,,,971
zoommemes,Tristan J Philippe,1593022098,2020-06-24 18:08:18 PDT-0700,18:08:18,,,4100
zoommemes,Alex Yeo,1593107483,2020-06-25 17:51:23 PDT-0700,17:51:23,Stay home and continue flattening the curve ,,3900
zoommemes,Moneth Enriquez,1593106929,2020-06-25 17:42:09 PDT-0700,17:42:09,,,1100
zoommemes,Theo US,1592765896,2020-06-21 18:58:16 PDT-0700,18:58:16,,,3300
zoommemes,Matthew Grossman,1593106477,2020-06-25 17:34:37 PDT-0700,17:34:37,Please tell me there are Star Wars fans on here PS this took like two months to be approved<comma> it was posted on May 4th ,,267
zoommemes,Josh Witt,1593106770,2020-06-25 17:39:30 PDT-0700,17:39:30,BIG opossum...possum  mood,,443
zoommemes,Jindi Zhang,1593022140,2020-06-24 18:09:00 PDT-0700,18:09:00,The view when you walk outside after your three hour online exam,,1400
zoommemes,Kaustubh Khamgaonkar,1593022506,2020-06-24 18:15:06 PDT-0700,18:15:06,Well I think we all got bingo,,454
zoommemes,Ben White,1592867444,2020-06-22 23:10:44 PDT-0700,23:10:44,When youre a senior and turn in your last assignment and have no job prospects,,553
zoommemes,Megan Grace,1592867666,2020-06-22 23:14:26 PDT-0700,23:14:26,love in the time of corona  when u finally see ur best friend from afar  ,,98
zoommemes,Josef Hicks,1592915235,2020-06-23 12:27:15 PDT-0700,12:27:15,pain,,3200
zoommemes,Incoming memes,1593042835,2020-06-24 23:53:55 PDT-0700,23:53:55,,,73
zoommemes,My H. Tran,1593106607,2020-06-25 17:36:47 PDT-0700,17:36:47,,,2100
zoommemes,Andrew Tang,1593145969,2020-06-26 04:32:49 PDT-0700,04:32:49,I emailed my prof to see how he felt about us being back on campus in the fall. This really sent me. Me too man<comma> me too...,,6100
zoommemes,Rachel Wang,1593126633,2020-06-25 23:10:33 PDT-0700,23:10:33,Its 2020. You cant blow dandelions anymore. Let that sink in,,359
zoommemes,Bakhtyar Siddiqui,1593042740,2020-06-24 23:52:20 PDT-0700,23:52:20,My last few brain cells trying to navigate through the end of this quarantine,,25
zoommemes,Madison Titshaw,1592867130,2020-06-22 23:05:30 PDT-0700,23:05:30,My professor and I have begun to just post Kermit memes back and forth to each other about the state of my paper.,,1900
zoommemes,Everett Secor,1593106670,2020-06-25 17:37:50 PDT-0700,17:37:50,The Coronnials have begun,,5500
zoommemes,Kishan Trivedi,1593106638,2020-06-25 17:37:18 PDT-0700,17:37:18,This sums the year up perfectly,,343
zoommemes,Tyler Nguyen,1593146816,2020-06-26 04:46:56 PDT-0700,04:46:56,Is smizing hello noticeable enough Sincerely<comma> Struggling Social Student,,935
zoommemes,Sachin Khambatta,1593106698,2020-06-25 17:38:18 PDT-0700,17:38:18,,,284
zoommemes,Danny Casale,1592867822,2020-06-22 23:17:02 PDT-0700,23:17:02,,,746
zoommemes,Linda Lee,1592867275,2020-06-22 23:07:55 PDT-0700,23:07:55,aight Winston<comma> call me out,,1900
zoommemes,Skylar Epstein,1592867841,2020-06-22 23:17:21 PDT-0700,23:17:21,,,3900
zoommemes,James,1593107808,2020-06-25 17:56:48 PDT-0700,17:56:48,,,4200
zoommemes,I see no God around,1593107824,2020-06-25 17:57:04 PDT-0700,17:57:04,,,1200
zoommemes,Amanda Valkyrie Callender,1592647302,2020-06-20 10:01:42 PDT-0700,10:01:42,Ive never felt so empowered during these times.,,8000
zoommemes,Anastasios Bouikidis,1593236975,2020-06-27 05:49:35 PDT-0700,05:49:35,Dwight you ignorant slut,,3800
zoommemes,Things that are not aesthetic,1593237025,2020-06-27 05:50:25 PDT-0700,05:50:25,When you try to escape reality through Community 1x08 Edit Holy crap<comma> I didnt expect over 1K likes ,,1100
zoommemes,Jesse Uwu,1593237651,2020-06-27 06:00:51 PDT-0700,06:00:51,,,5500
zoommemes,Justin Kern,1592508959,2020-06-18 19:35:59 PDT-0700,19:35:59,,,13000
zoommemes,Maya Dorji Choeki,1592293465,2020-06-16 07:44:25 PDT-0700,07:44:25,What 2020 has been like,,5800
zoommemes,Micah Wormack,1593204391,2020-06-26 20:46:31 PDT-0700,20:46:31,,,2200
zoommemes,Daws McCoy,1592554633,2020-06-19 08:17:13 PDT-0700,08:17:13,,,10000
zoommemes,Armin Jorgenson,1593204347,2020-06-26 20:45:47 PDT-0700,20:45:47,Even Youtube ads have given up...,,186
zoommemes,Joseph Chambers,1593197966,2020-06-26 18:59:26 PDT-0700,18:59:26,Changing the American flag httpsvm.tiktok.comJeT9KDM,,1300
zoommemes,Rachel Blau,1592286493,2020-06-16 05:48:13 PDT-0700,05:48:13,,,16000
zoommemes,Mel Fine,1592402759,2020-06-17 14:05:59 PDT-0700,14:05:59,when your sleep cycle doesnt work anymore,,27000
zoommemes,Tomi Odukoya,1593107422,2020-06-25 17:50:22 PDT-0700,17:50:22,If this AINT me,,100
zoommemes,rigatomii,1592564100,2020-06-19 10:55:00 PDT-0700,10:55:00,,,13000
zoommemes,Bryan Welch,1592867816,2020-06-22 23:16:56 PDT-0700,23:16:56,daily mood,,3200
zoommemes,Steven Bishop,1592554568,2020-06-19 08:16:08 PDT-0700,08:16:08,,,2100
zoommemes,Stevie Emerson,1593107748,2020-06-25 17:55:48 PDT-0700,17:55:48,If Im not doing things to put off sleep<comma> Im sleeping to put off doing things.,,1100
zoommemes,Kyle Barrett,1593042955,2020-06-24 23:55:55 PDT-0700,23:55:55,Quarantine out here making artists... Turning a slice of  into a ,,1700
zoommemes,Brandon Waters,1593107967,2020-06-25 17:59:27 PDT-0700,17:59:27,,,2500
zoommemes,Daniel Molina,1593106793,2020-06-25 17:39:53 PDT-0700,17:39:53,Because thats what heroes do,,11000
zoommemes,Jennifer Zhuang,1592370429,2020-06-17 05:07:09 PDT-0700,05:07:09,hello everyone looking for a quarantine bae what about ur perfect zoommate youre in luck because right now<comma> we are casting for a zoom based college dating show  fill out the short google doc and producers will be in touch soon this is open to EVERYONE  regardless of race<comma> gender<comma> or sexual orientation. link tinyurl.comzoommate,,1100
zoommemes,Edgar Uribe III,1593107829,2020-06-25 17:57:09 PDT-0700,17:57:09,,,624
zoommemes,Asher Caplan,1593146718,2020-06-26 04:45:18 PDT-0700,04:45:18,care reacts only,,1200
zoommemes,Luis Daniel González,1593107030,2020-06-25 17:43:50 PDT-0700,17:43:50,For yall ladies in the group who are considering cutting your hair. Become a legend and grow a beard instead.,,453
zoommemes,Justin Burnett,1593106419,2020-06-25 17:33:39 PDT-0700,17:33:39,F for the fallen soldier,,699
zoommemes,Gabriella Cooperman,1592765823,2020-06-21 18:57:03 PDT-0700,18:57:03,LMAO yes.,,5500
zoommemes,Anthony Selkowitz,1593204368,2020-06-26 20:46:08 PDT-0700,20:46:08,yknw<comma>Im something of historian myself,,7000
zoommemes,Help I can’t stop throwing the peace sign at people because I’m dead inside,1592798321,2020-06-22 03:58:41 PDT-0700,03:58:41,,,2100
zoommemes,Lacy Ellen,1592113044,2020-06-14 05:37:24 PDT-0700,05:37:24,I think I am funny but my twitter follow count disagrees well here has been my mood as a quarantined college kid,,9700
zoommemes,Patty Arrigo,1592554593,2020-06-19 08:16:33 PDT-0700,08:16:33,,,16000
zoommemes,Lexi Ross,1593196035,2020-06-26 18:27:15 PDT-0700,18:27:15,Theres nothing like a wholesome email from a prof to start your Friday off right,,2400
zoommemes,Hanna Dobrynski,1593022825,2020-06-24 18:20:25 PDT-0700,18:20:25,The exam is designed to take about 75 minutes to complete me after 6 hours,,5400
zoommemes,Lauren Montgomery,1593146289,2020-06-26 04:38:09 PDT-0700,04:38:09,thanks covid  losing more clothes by staying home,,245
zoommemes,James Erickson,1593237034,2020-06-27 05:50:34 PDT-0700,05:50:34,Real talk though<comma> hows everyone doing Feel free to vent in the comments if you need to<comma> Ill try to reply to as many as I can  EDIT I hope each and every one of you has a great day today ,,225
zoommemes,Vanessa Meade,1592554543,2020-06-19 08:15:43 PDT-0700,08:15:43,One solution,,797
zoommemes,Aqsa Noor,1593015917,2020-06-24 16:25:17 PDT-0700,16:25:17,what sparks joy,,420
zoommemes,PakistaNow,1593107529,2020-06-25 17:52:09 PDT-0700,17:52:09,,,1200
zoommemes,Tim Lan,1593232505,2020-06-27 04:35:05 PDT-0700,04:35:05,,,3100
zoommemes,Angeline Ang,1591763798,2020-06-10 04:36:38 PDT-0700,04:36:38,,,3600
zoommemes,Razi Mahmood,1592554607,2020-06-19 08:16:47 PDT-0700,08:16:47,Too real ,,1400
zoommemes,Joshua Valentine,1591763295,2020-06-10 04:28:15 PDT-0700,04:28:15,,,4000
zoommemes,Psychology and Memes,1592596157,2020-06-19 19:49:17 PDT-0700,19:49:17,Squading up on assignments like,,1400
zoommemes,Megan Katrina Edward,1593106923,2020-06-25 17:42:03 PDT-0700,17:42:03,hey guys were a couple of college students that just got together during quarantine and built this app made for us<comma> college students it video matches you with other students in quarantine at random and is so fun so far. httpsmilkchat.app.link ,,292
zoommemes,Nikoo Dalili,1593106893,2020-06-25 17:41:33 PDT-0700,17:41:33,costar says its time for quarantine to end,,149
zoommemes,Naomi Rajoo,1592867430,2020-06-22 23:10:30 PDT-0700,23:10:30,New quarantine meme template,,467
zoommemes,Isabella Ali,1593107783,2020-06-25 17:56:23 PDT-0700,17:56:23,,,224
zoommemes,Gauri Jain,1588138745,2020-04-29 05:39:05 PDT-0700,05:39:05,built my school in Minecraft  Thought I should release this now considering that our mayor announced schools will be closed for the school year This is Stuyvesant High School in Lower Manhattan also yeah this is an alt account for my friends wondering,,3000
zoommemes,Jillian Dein,1593022215,2020-06-24 18:10:15 PDT-0700,18:10:15,,,17000
zoommemes,Arsh Gupta,1593193914,2020-06-26 17:51:54 PDT-0700,17:51:54,Please let me graduate sooner,,156
zoommemes,Kumar Aditya,1590624405,2020-05-28 00:06:45 PDT-0700,00:06:45,Thanks professor,,4400
zoommemes,Tomi Odukoya,1593204387,2020-06-26 20:46:27 PDT-0700,20:46:27,,,592
zoommemes,rigatomii,1593146456,2020-06-26 04:40:56 PDT-0700,04:40:56,rip,,2300
zoommemes,Lyssa Snook,1592867951,2020-06-22 23:19:11 PDT-0700,23:19:11,,,616
zoommemes,SailorMeme,1592244427,2020-06-15 18:07:07 PDT-0700,18:07:07,some positivity during trying times,,10000
zoommemes,Amanda Chen,1592554615,2020-06-19 08:16:55 PDT-0700,08:16:55,,,9600
zoommemes,Venus Triplitt-Bubbles,1592122897,2020-06-14 08:21:37 PDT-0700,08:21:37,Hang in there class of 2020 ,,17000
zoommemes,Anthony Yoon,1592867983,2020-06-22 23:19:43 PDT-0700,23:19:43,waking up at 3 and realizing this is your life now,,7800
zoommemes,Símran Parékh,1593021986,2020-06-24 18:06:26 PDT-0700,18:06:26,They really just said theyre on an internet detox in the middle of an online semester DEAd Edit thats not me yall Thats from a twitter account bintejballer,,6200
zoommemes,Randy Gagnon,1590451564,2020-05-26 00:06:04 PDT-0700,00:06:04,My 13 year old brother is trying to recreate school with my sisters stuffed animals. He put the big ones in the back so the little ones could see ,,7300
zoommemes,The Dirtbag Diaries,1593022147,2020-06-24 18:09:07 PDT-0700,18:09:07,F,,3500
zoommemes,Abdullah Memon,1592097015,2020-06-14 01:10:15 PDT-0700,01:10:15,hey there<comma> demons<comma> its me<comma> ya boy,,6500
zoommemes,Marisa Umeh-Burchell,1592596378,2020-06-19 19:52:58 PDT-0700,19:52:58,,,1400
zoommemes,Josef Hicks,1589471765,2020-05-14 15:56:05 PDT-0700,15:56:05,Ruin a zoom date in 5 words. edit all yall who have commented multiple times are real ones,,514
zoommemes,Humour Hub,1592496139,2020-06-18 16:02:19 PDT-0700,16:02:19,,,5200
zoommemes,Najam Ul Assar,1593106859,2020-06-25 17:40:59 PDT-0700,17:40:59,Whoops,,419
zoommemes,Lazy Potato,1592867870,2020-06-22 23:17:50 PDT-0700,23:17:50,Im not sure whether this triangle exists or not,,3100
zoommemes,Richard Wang,1589619654,2020-05-16 09:00:54 PDT-0700,09:00:54,,,11000
zoommemes,Prabhmeet Singh,1592164596,2020-06-14 19:56:36 PDT-0700,19:56:36,It took me 3 days to get through 20 pages send help,,12000
zoommemes,Ali Hafsa,1593106885,2020-06-25 17:41:25 PDT-0700,17:41:25,Alone with my thoughts in quarantine got me like this...,,7500
zoommemes,The Connoisseur,1588662972,2020-05-05 07:16:12 PDT-0700,07:16:12,Man I should study My brain,,6700
zoommemes,Iti Dargar,1593315289,2020-06-28 03:34:49 PDT-0700,03:34:49,As requested<comma> I put some bangers in a playlist on spotify httpsopen.spotify.complaylist4ZJ10hUKcwmCixcwmt9Vtl Also check on my debut track<comma> 1st on the playlist... See More,https://www.facebook.com/groups/zoommemes/permalink/358510438505101/,184
zoommemes,Syeda Zareen Rafa,1593106386,2020-06-25 17:33:06 PDT-0700,17:33:06,,,5100
zoommemes,Elysa Caso-McHugh,1591759926,2020-06-10 03:32:06 PDT-0700,03:32:06,PIZZA ROLLS,,4200
zoommemes,Tash Rahaman,1593023266,2020-06-24 18:27:46 PDT-0700,18:27:46,I think the pandemic ends me first ,,814
zoommemes,Elliott Lehrer,1591926873,2020-06-12 01:54:33 PDT-0700,01:54:33,,,9700
zoommemes,Juliette Seremak,1585508834,2020-03-29 19:07:14 PDT-0700,19:07:14,,,1600
zoommemes,Hari Tarlapally,1592496145,2020-06-18 16:02:25 PDT-0700,16:02:25,Who has the best sense of humor ,,17000
zoommemes,Julie Huang,1593107764,2020-06-25 17:56:04 PDT-0700,17:56:04,This is why college should be free ,,1400
zoommemes,Muzzammil Shaikh,1593022450,2020-06-24 18:14:10 PDT-0700,18:14:10,High school vs College,,934
zoommemes,Barked,1591917693,2020-06-11 23:21:33 PDT-0700,23:21:33,Edit There is now a virtual gallery Check out  MuseumOfExes on Instagram  Hi<comma> Im drawing peoples exes to support BLM. If you donate to basically any charityfundraiser that aligns with the movement and send me the receipt and a photo of your ex<comma> I will make them look like this . Believe me<comma> Im a TERRIBLE artist. This has been great. DMs are open. Also<comma> drop any links below if you have one in mind for people to donate to This isnt just a trend<comma> and we cant let the dust settle.,,5400
zoommemes,Jashley Nicole,1593042995,2020-06-24 23:56:35 PDT-0700,23:56:35,Quarantine... not even once,,230
zoommemes,Andrew Chen,1586404002,2020-04-09 03:46:42 PDT-0700,03:46:42,,,21000
zoommemes,Rachel Roday,1588731148,2020-05-06 02:12:28 PDT-0700,02:12:28,Repost Subtle Average Asians 2 can play at that game  also ive been making so many memes i cant,,746
zoommemes,Milan Hauer,1592554595,2020-06-19 08:16:35 PDT-0700,08:16:35,Always that one kid...,,6700
zoommemes,Amy Stromsdorfer,1593022050,2020-06-24 18:07:30 PDT-0700,18:07:30,,,309
zoommemes,Sapna Bhakta,1592647636,2020-06-20 10:07:16 PDT-0700,10:07:16,,,13000
zoommemes,Joty Rashid,1592647276,2020-06-20 10:01:16 PDT-0700,10:01:16,Its a vicious cycle,,6600
zoommemes,Lawrence Jun Fung,1592928635,2020-06-23 16:10:35 PDT-0700,16:10:35,Love Tonton Friends 3,,517
zoommemes,The Idealist,1590603557,2020-05-27 18:19:17 PDT-0700,18:19:17,,,24000
zoommemes,Fiona Tran,1592699962,2020-06-21 00:39:22 PDT-0700,00:39:22,,,8700
zoommemes,Ezana Lemma,1593042925,2020-06-24 23:55:25 PDT-0700,23:55:25,,,999
zoommemes,Andrew Feder,1592867678,2020-06-22 23:14:38 PDT-0700,23:14:38,Issa mood,,1100
zoommemes,Amanda McCawley,1592525699,2020-06-19 00:14:59 PDT-0700,00:14:59,,,10000
zoommemes,Aqsa Noor,1591677086,2020-06-09 04:31:26 PDT-0700,04:31:26,For all of you depressed and restless,,10000
zoommemes,Lazy Potato,1593208463,2020-06-26 21:54:23 PDT-0700,21:54:23,If 2020 was summed up in one picture,,376
zoommemes,Peter Yu,1592522640,2020-06-18 23:24:00 PDT-0700,23:24:00,,,2400
zoommemes,Aimi Noguchi,1586279936,2020-04-07 17:18:56 PDT-0700,17:18:56,My laptop when I have both Google Chrome AND Zoom open,,22000
zoommemes,Cameron Vega,1592699957,2020-06-21 00:39:17 PDT-0700,00:39:17,Hey everyone<comma> my friend and I built Set with Friends httpssetwithfriends.com  a frictionless web app that lets you play the game Set with friends in realtime. You can join public games in the lobby or create a new game and invite friends by simply sharing a link. The game works smoothly on screens of any size so you can play whenever and wherever . Wed love for you to check it out and would appreciate any feedback,,2300
zoommemes,Samhita Katteri,1593146234,2020-06-26 04:37:14 PDT-0700,04:37:14,so to all the lil indie kids,,220
zoommemes,Randy Gagnon,1593042728,2020-06-24 23:52:08 PDT-0700,23:52:08,,,387
zoommemes,The Dirtbag Diaries,1592509059,2020-06-18 19:37:39 PDT-0700,19:37:39,Hi everyone My friend and I built Codewords  an online version of the board game Codenames httpcodewordsgame.com Wed love for you to check out our take on it For those of you not familiar<comma> Codewords  Codenames is a teambased word game that can get pretty intense and is very fun to play over video chat. We wanted to share it with all of you now that weve completed all of our planned features and wed love for you guys to try it out Let us know what you think and feel free to send any suggestions our way,,3500
zoommemes,Nathan Gendich,1592867742,2020-06-22 23:15:42 PDT-0700,23:15:42,,,9300
zoommemes,Amber Biscevic,1584592243,2020-03-19 04:30:43 PDT-0700,04:30:43,Wait... if I Zoom my Kpop posters will be in the background...,,896
zoommemes,Maya Adriana,1592554815,2020-06-19 08:20:15 PDT-0700,08:20:15,Quarantine messes up your sleeping schedule...,,5800
zoommemes,Sanjana Muthukrishnan,1592647352,2020-06-20 10:02:32 PDT-0700,10:02:32,Dared my friend Aniqa to write this email to her instructors. The responses had us dyinggg,,3900
zoommemes,Ariana Kidd,1592798277,2020-06-22 03:57:57 PDT-0700,03:57:57,No reduced tuition fees at Zoom University ,,4600
zoommemes,Break,1592370463,2020-06-17 05:07:43 PDT-0700,05:07:43,A swanky multiplayer game for your zoom calls,https://www.facebook.com/groups/zoommemes/?sorting_setting=TOP_POSTS#,2700
zoommemes,Maluv Daavvee,1592867483,2020-06-22 23:11:23 PDT-0700,23:11:23,Who else remembers these from biology class,,4100
zoommemes,Jate Vardhanabhuti,1593106567,2020-06-25 17:36:07 PDT-0700,17:36:07,,,45
zoommemes,Mariam Amer,1592928712,2020-06-23 16:11:52 PDT-0700,16:11:52,Stay safe kids,,4300
zoommemes,Dora Woodruff,1593106956,2020-06-25 17:42:36 PDT-0700,17:42:36,no guys fr<comma> i swear this meme has to do with corona,,90
zoommemes,Jeffrey Wang,1593107476,2020-06-25 17:51:16 PDT-0700,17:51:16,,,125
zoommemes,Eddie Cai,1592563698,2020-06-19 10:48:18 PDT-0700,10:48:18,Online classes one of the few places where you can get negative points on the only free part of the test yes this is real and no I didnt cheat lol Edit long story short our course had a policy of taking exponential points off your score every minute you submitted late and I shot myself in the foot by sending it three minutes late,,132
zoommemes,Arsh Gupta,1592370596,2020-06-17 05:09:56 PDT-0700,05:09:56,everyone coming out of quarantine as a pastry chef,,8400
zoommemes,Love of Marvel - India,1592522696,2020-06-18 23:24:56 PDT-0700,23:24:56,tried to escape the reality of quarantine life but duolingo had other ideas ,,1300
zoommemes,Julie Huang,1591763666,2020-06-10 04:34:26 PDT-0700,04:34:26,,,12000
zoommemes,Arsh Gupta,1592279465,2020-06-16 03:51:05 PDT-0700,03:51:05,Is this how my TA feels when they read my paper I submitted at 3 am,,10000
zoommemes,Rahul Relekar,1586380084,2020-04-08 21:08:04 PDT-0700,21:08:04,Inspired by the Vanderbilt Melodores<comma> here is some more quarantine acapella  We are Music Dynasty from Johns Hopkins ,,5500
zoommemes,Johanan Sowah,1593107488,2020-06-25 17:51:28 PDT-0700,17:51:28,When Zoom office hours are even more awkward than in person...,,156
zoommemes,Samuel Bitzer,1592845756,2020-06-22 17:09:16 PDT-0700,17:09:16,in person graduation cancelled internships cancelling jobs moving to remote work not accepting new workers running out of hair to dye and bangs to cut still dont know how to make a decent meal ... See More,https://www.facebook.com/groups/zoommemes/permalink/307413113614834/,3700
zoommemes,Raksha Kannan,1592279370,2020-06-16 03:49:30 PDT-0700,03:49:30,How you respond to receiving a funny meme alignment chart,,5800
zoommemes,Stella Sokolowski,1593288067,2020-06-27 20:01:07 PDT-0700,20:01:07,Threehour walk to raise 2<comma>000 and combat COVID19 DONATE HERE httpswww.facebook.comdonate2540914906220680 Today<comma> from 47pm EST<comma> we are raising money for Shrimad Rajchandra Love and Care SRLC. Shrimad Rajchandra was Gandhis inspiration for peaceful<comma> nonviolent protest. During the COVID pandemic<comma> SRLC has already donated 2.1 million masks globally<comma> served 2 million meals to those in need<comma> and provided 7<comma>600 PPE kits. SRLC is 100 volunteerrun 97 of funds go str... See More,https://www.facebook.com/groups/zoommemes/permalink/358272268528918/,113
zoommemes,Rick Mikelsen,1592845736,2020-06-22 17:08:56 PDT-0700,17:08:56,e I submitted this post like 2 months ago lol,,80
zoommemes,Brendan Goldberg,1593107856,2020-06-25 17:57:36 PDT-0700,17:57:36,Just two more weeks of coronaclasses this semester,,14
zoommemes,Raksha Kannan,1592421394,2020-06-17 19:16:34 PDT-0700,19:16:34,,,5200
zoommemes,Joseph Lin,1592244370,2020-06-15 18:06:10 PDT-0700,18:06:10,,,6100
zoommemes,Amelia Angelina,1592647369,2020-06-20 10:02:49 PDT-0700,10:02:49,,,868
zoommemes,Student Life,1592554506,2020-06-19 08:15:06 PDT-0700,08:15:06,,,5700
zoommemes,Jesse Uwu,1592509015,2020-06-18 19:36:55 PDT-0700,19:36:55,,,2700
zoommemes,Jacquelyn O'Brien,1592555042,2020-06-19 08:24:02 PDT-0700,08:24:02,Cries in 2020,,602
zoommemes,Mallari Collums,1593015935,2020-06-24 16:25:35 PDT-0700,16:25:35,Here for a good nights sTROLL,,461
zoommemes,Sophie Cheng,1587694937,2020-04-24 02:22:17 PDT-0700,02:22:17,awkward silence,,7500
zoommemes,Ali Hamdan,1592765749,2020-06-21 18:55:49 PDT-0700,18:55:49,,,3000
zoommemes,Shawn Koo,1591917991,2020-06-11 23:26:31 PDT-0700,23:26:31,I can hear Cardi B,,12000
zoommemes,Sarah Drake,1591039163,2020-06-01 19:19:23 PDT-0700,19:19:23,Feeling attacked at how accurate this is,,236
zoommemes,Sarah Wells-Moran,1592647326,2020-06-20 10:02:06 PDT-0700,10:02:06,When the birds start chirping I know its time to sleep Hehe IG lunasolstice,,2200
zoommemes,Steven Tack,1584503569,2020-03-18 03:52:49 PDT-0700,03:52:49,miss my college friends across the country<comma> miss my high school friends who I cant see because theyre in quarantine...,,11000
zoommemes,Cindy Quach,1592595606,2020-06-19 19:40:06 PDT-0700,19:40:06,,,734
zoommemes,Venus Triplitt-Bubbles,1592993962,2020-06-24 10:19:22 PDT-0700,10:19:22,,,1600
zoommemes,Rick Mikelsen,1593107452,2020-06-25 17:50:52 PDT-0700,17:50:52,I feel attacked,,366
zoommemes,Ernesto González,1593106855,2020-06-25 17:40:55 PDT-0700,17:40:55,outstanding move sir,,406
zoommemes,Amelia Angelina,1593106711,2020-06-25 17:38:31 PDT-0700,17:38:31,,,285
zoommemes,Memes,1593108020,2020-06-25 18:00:20 PDT-0700,18:00:20,Thanks for coming to my TED Talk,,3800
zoommemes,Rachel Wang,1592201855,2020-06-15 06:17:35 PDT-0700,06:17:35,lmaooo,,6600
zoommemes,Tonton Friends,1590958602,2020-05-31 20:56:42 PDT-0700,20:56:42,What is a 5word phrase you could say to get your entire Zoom class to be silent ,,203
zoommemes,Madison Harpham,1592122955,2020-06-14 08:22:35 PDT-0700,08:22:35,,,4800
zoommemes,Jeff Liu,1592096932,2020-06-14 01:08:52 PDT-0700,01:08:52,,,6000
zoommemes,Chris Stearns,1592164601,2020-06-14 19:56:41 PDT-0700,19:56:41,,,225
zoommemes,Devin Shepard,1592112727,2020-06-14 05:32:07 PDT-0700,05:32:07,,,6900
zoommemes,Amelia Angelina,1592928758,2020-06-23 16:12:38 PDT-0700,16:12:38,,,1000
zoommemes,The Uni Bubble,1592024310,2020-06-13 04:58:30 PDT-0700,04:58:30,When youre too scared to go to the store so you start making moonshine Edit some of yall can see the name under the blacked out bars so I guess I really didnt need to include them lol,,254
zoommemes,Kankshini Pabba,1591970655,2020-06-12 14:04:15 PDT-0700,14:04:15,Then you are stuck with that chunk that doesnt snap off ,,1300
zoommemes,Courtland Johnson,1591970704,2020-06-12 14:05:04 PDT-0700,14:05:04,,,7100
zoommemes,Maya Dorji Choeki,1591829717,2020-06-10 22:55:17 PDT-0700,22:55:17,this one goes out to everyone who went home for spring break and never came back,,7600
zoommemes,Exaucee Manishimwe,1593107458,2020-06-25 17:50:58 PDT-0700,17:50:58,I realised that I didnt need free time. Im just lazy.,,279
zoommemes,Josh Triska,1592765816,2020-06-21 18:56:56 PDT-0700,18:56:56,Who can relate ,,1400
zoommemes,Michael Worthington,1591419189,2020-06-06 04:53:09 PDT-0700,04:53:09,this is just how we greet our friends now,,9400
zoommemes,Cynthia Du,1593197848,2020-06-26 18:57:28 PDT-0700,18:57:28,,,664
zoommemes,Eric Zhang,1592867929,2020-06-22 23:18:49 PDT-0700,23:18:49,,,189
zoommemes,Tiffany Hernandez,1592766069,2020-06-21 19:01:09 PDT-0700,19:01:09,and I oop,,986
zoommemes,Jashley Nicole,1593107767,2020-06-25 17:56:07 PDT-0700,17:56:07,My last brain cell during a zoom tute,,11
zoommemes,I belong in the garbage,1593106737,2020-06-25 17:38:57 PDT-0700,17:38:57,Students quarantine situation explained in one image,,320
zoommemes,Romit Nagda,1590607128,2020-05-27 19:18:48 PDT-0700,19:18:48,excited for sports this quarantine season,,4500
zoommemes,Bharath Jaladi,1591816373,2020-06-10 19:12:53 PDT-0700,19:12:53,Struggles real.,,4100
zoommemes,Tia Mehta,1592928725,2020-06-23 16:12:05 PDT-0700,16:12:05,rave,,4200
zoommemes,Yet Another Stolen Meme Page,1592554991,2020-06-19 08:23:11 PDT-0700,08:23:11,How will they know I appreciate them,,551
zoommemes,Grace Wu,1593022102,2020-06-24 18:08:22 PDT-0700,18:08:22,People who are considering taking a gap yearsemester because of COVID<comma> what are your reasons Immunocompromised<comma> financial considerations<comma> international travel restrictions What are you planning to do on your gap yearsemester,,315
zoommemes,Bryan Rowe,1593107787,2020-06-25 17:56:27 PDT-0700,17:56:27,,,80
zoommemes,Muzammil Tariq,1593198012,2020-06-26 19:00:12 PDT-0700,19:00:12,I am pretty sure that you are using the password Coronvirus2020 somewhere,,266
zoommemes,Raymond Forbes,1592496055,2020-06-18 16:00:55 PDT-0700,16:00:55,,,688
zoommemes,Benji Bear,1592765724,2020-06-21 18:55:24 PDT-0700,18:55:24,Take rest my mate ,,4100
zoommemes,Benji Bear,1593107898,2020-06-25 17:58:18 PDT-0700,17:58:18,,,88
zoommemes,Tara Kaviani,1593107242,2020-06-25 17:47:22 PDT-0700,17:47:22,Time is but a social construct in this lawless land,,785
zoommemes,Aubree Korte,1591613627,2020-06-08 10:53:47 PDT-0700,10:53:47,,,12000
zoommemes,Andrea Torres,1592765981,2020-06-21 18:59:41 PDT-0700,18:59:41,Stay strong yall,,612
zoommemes,Jay Carmichael,1592647331,2020-06-20 10:02:11 PDT-0700,10:02:11, one squeaky clean quaranteen,,1700
zoommemes,Lisa Chau,1591707978,2020-06-09 13:06:18 PDT-0700,13:06:18,To all the homies<comma> I miss hugging you.,,4700
zoommemes,The Thunder Dungeon App,1592156735,2020-06-14 17:45:35 PDT-0700,17:45:35,Taylor Shaw,,1800
zoommemes,Danial Khan,1592279697,2020-06-16 03:54:57 PDT-0700,03:54:57,Whos tryna reach XOYO ,,13000
zoommemes,Jonathan Wong,1585842488,2020-04-02 15:48:08 PDT-0700,15:48:08, in response to a recent post asking about online games to play with friends  i made a google doc of all the webbased games i could find that were free and required minimal effort to start playing a lot of board games are on here<comma> plus card games<comma> trivia games<comma> and even websites to do jigsaw puzzles hop on zoom or discord and get playing  if you feel like ive missed any<comma> dm me... See More,https://www.facebook.com/groups/zoommemes/permalink/272208100468669/,8400
zoommemes,Cayley Ryan,1592370549,2020-06-17 05:09:09 PDT-0700,05:09:09,Preach ,,2800
zoommemes,Kishan Trivedi,1593107847,2020-06-25 17:57:27 PDT-0700,17:57:27,,,200
zoommemes,Elektra Mirzakhanian,1591759506,2020-06-10 03:25:06 PDT-0700,03:25:06,im sensitive ,,1000
zoommemes,Annie Lien,1592286808,2020-06-16 05:53:28 PDT-0700,05:53:28,Were all in this together ,,4800
zoommemes,Mark Garcia,1592402520,2020-06-17 14:02:00 PDT-0700,14:02:00,Sounds like a plan,,6700
zoommemes,Anny Arroyo Pena,1593015912,2020-06-24 16:25:12 PDT-0700,16:25:12,and here i am still pretending to be an ant,,535
zoommemes,Sabrina Kaplan,1592609884,2020-06-19 23:38:04 PDT-0700,23:38:04,,,4100
zoommemes,Varun Desai,1591816294,2020-06-10 19:11:34 PDT-0700,19:11:34,the joke is on everyone who cringed at tiktok but is now addicted to it,,3400
zoommemes,Adriel Mølina,1587969204,2020-04-27 06:33:24 PDT-0700,06:33:24,,,1400
zoommemes,Chris Mann,1592647375,2020-06-20 10:02:55 PDT-0700,10:02:55,Hello Quaranteens I made an online multiplayer game called Snatch httpswww.playsnatch.io<comma> an online variant of the fastpaced board game grabbleanagramsbananagrams. It can spice up your zoom calls  with some friendly or notsofriendly  competition. I wanted to share it with all you to play with friends if you are ever bored during quarantine. My friends have really enjoyed this game no player limit<comma> and I would appreciate all your feedback as well Right now only for desktop. And if you want to receive updatesinformation about the game<comma> like this page httpswww.facebook.comPlaySnatch112764647117901,,346
zoommemes,Nicholas Osborn,1591582218,2020-06-08 02:10:18 PDT-0700,02:10:18,,,14000
zoommemes,Aqsa Noor,1592647469,2020-06-20 10:04:29 PDT-0700,10:04:29,Early morning sunrises in summer,,2600
zoommemes,Memes,1592554424,2020-06-19 08:13:44 PDT-0700,08:13:44,,,15000
zoommemes,Aqsa Noor,1589291668,2020-05-12 13:54:28 PDT-0700,13:54:28,Hows Catch flights<comma> not feelings crew holding up,,11000
zoommemes,PakistaNow,1593022010,2020-06-24 18:06:50 PDT-0700,18:06:50,2020 is gonna get better<comma> i promise July,,64
zoommemes,Megan Katrina Edward,1592647583,2020-06-20 10:06:23 PDT-0700,10:06:23,1110,,843
zoommemes,Julia Weyn,1592647599,2020-06-20 10:06:39 PDT-0700,10:06:39,Should we be optimistic,,850
zoommemes,Sazal Basnet,1592647354,2020-06-20 10:02:34 PDT-0700,10:02:34,barely,,1000
zoommemes,Sarcasm vol.2,1587191455,2020-04-18 06:30:55 PDT-0700,06:30:55,,,5200
zoommemes,Abigail Leonita Masengi,1593106684,2020-06-25 17:38:04 PDT-0700,17:38:04,,,164
zoommemes,Hussain Abdullah,1592647249,2020-06-20 10:00:49 PDT-0700,10:00:49,Marvin Gaye playing Ive been really trying<comma> baby...,,1800
zoommemes,Kwaku Jyamfi,1592845732,2020-06-22 17:08:52 PDT-0700,17:08:52,Me after hearing the blasphemous propaganda that Fall 2020 is gonna be online.,,1200
zoommemes,Jeffrey Wang,1592647421,2020-06-20 10:03:41 PDT-0700,10:03:41,hearing other ppl move on while youre still stuck on the first question,,2000
zoommemes,Sanket Patil,1592867688,2020-06-22 23:14:48 PDT-0700,23:14:48,When Kim Kardashian shows up on Zoom to give your law school legal advice,,196
zoommemes,Megan Katrina Edward,1592845709,2020-06-22 17:08:29 PDT-0700,17:08:29,How to humiliate yourself in a group meeting of 60 people shout at your mom that youre in a meeting<comma> and realizing you didnt mute yourself ,,371
zoommemes,Rohit Ninan,1593106815,2020-06-25 17:40:15 PDT-0700,17:40:15,I havent been quarantining right,,226
zoommemes,The Critical Banter Podcast,1592766195,2020-06-21 19:03:15 PDT-0700,19:03:15,Welcome to Level 3. From ArchaeologyHistory Jokes  Puns,,930
zoommemes,Stephanie Lin,1592293991,2020-06-16 07:53:11 PDT-0700,07:53:11,Me trying to participate in class discussions,,2200
zoommemes,Hayley Mirabile,1592411678,2020-06-17 16:34:38 PDT-0700,16:34:38,For my international students,,5100
zoommemes,Darya Foroohar,1592563705,2020-06-19 10:48:25 PDT-0700,10:48:25,,,6500
zoommemes,Josué Chamberlain,1593106382,2020-06-25 17:33:02 PDT-0700,17:33:02, all the LinkedIn posts about maintaining customer retention during the pandemic,,2900
zoommemes,Work MEMES,1592554874,2020-06-19 08:21:14 PDT-0700,08:21:14,i thought my essays were due Thursday and its Thursday,,744
zoommemes,Kankshini Pabba,1592867145,2020-06-22 23:05:45 PDT-0700,23:05:45,,,1300
zoommemes,Viral Memes For Quarantined Teens,1592647431,2020-06-20 10:03:51 PDT-0700,10:03:51,,,362
zoommemes,Kent,1592370498,2020-06-17 05:08:18 PDT-0700,05:08:18,feel like pure shit just want her back,,10000
zoommemes,Rafiya Harun,1592867940,2020-06-22 23:19:00 PDT-0700,23:19:00,a visual summary of my college career as a member of the class of 2020 ,,139
zoommemes,Luis Daniel González,1592402303,2020-06-17 13:58:23 PDT-0700,13:58:23,This is life now ,,382
zoommemes,Karthik Dusi,1592292914,2020-06-16 07:35:14 PDT-0700,07:35:14,Me going out with my boo once this shitshow is over,,8000
zoommemes,Julie Huang,1593042942,2020-06-24 23:55:42 PDT-0700,23:55:42,,,786
zoommemes,Barry Frederick,1592122922,2020-06-14 08:22:02 PDT-0700,08:22:02,Oh so this is whats scheduled for June   httpswww.mirror.co.ukscienceconspiracytheoristsclaimmayancalendar22180751fbclidIwAR1ywDDUwQxIafTeInVY8ZbnyzHnyDR55rAeciaRJ2S0yxm7OE5mnKM,,2200
zoommemes,Naliyah,1592554705,2020-06-19 08:18:25 PDT-0700,08:18:25,can u believe....that june is almost over..........,,1500
zoommemes,Min Nemoy,1592867861,2020-06-22 23:17:41 PDT-0700,23:17:41,When the professor says you can take the midterm with other people,,621
zoommemes,Jeffrey Wang,1592647629,2020-06-20 10:07:09 PDT-0700,10:07:09,Putting the coke back in coke.,,5900
zoommemes,Tash Rahaman,1593106731,2020-06-25 17:38:51 PDT-0700,17:38:51,Peak quarantine activity baking an animal crossing cake,,90
zoommemes,Rushali Malatkar,1592523189,2020-06-18 23:33:09 PDT-0700,23:33:09,Idk who needs to hear this but<comma> please do not...I repeat<comma> do NOT contact that ex. Just dont. You will regret it. Thank me later ,,1700
zoommemes,Javier Vivas Jr.,1592867979,2020-06-22 23:19:39 PDT-0700,23:19:39,Me returning to my laptop after an 80 minute power nap to leave the Zoom lecture,,123
zoommemes,Emma Ratnaparkhi,1592595580,2020-06-19 19:39:40 PDT-0700,19:39:40,Hows your quarantine going ,,650
zoommemes,Marcelino Hernandez,1591775192,2020-06-10 07:46:32 PDT-0700,07:46:32,,,7500
zoommemes,Ben Klamka,1593106570,2020-06-25 17:36:10 PDT-0700,17:36:10,Wonder whats going on back in school...,,129
zoommemes,Kankshini Pabba,1593023249,2020-06-24 18:27:29 PDT-0700,18:27:29,,,4800
zoommemes,The Coronavirus Page,1592867739,2020-06-22 23:15:39 PDT-0700,23:15:39,WFH tips for productivity Get up every hour to stretch. Go for a walk inside the house. Step into the wardrobe. Eat turkish delight and help the lion defeat the witch of Narnia. Never return,,2600
zoommemes,Kelsey Yin,1593106755,2020-06-25 17:39:15 PDT-0700,17:39:15,Where is the lie,,1900
zoommemes,Ana Singh,1592244402,2020-06-15 18:06:42 PDT-0700,18:06:42,,,6000
zoommemes,Vae DeWitt,1591168362,2020-06-03 07:12:42 PDT-0700,07:12:42,Dear Quaranteens community<comma> Many of you may have noticed that we havent approved any memes or posts today. We took this momentary pause as a moderator team to reflect on the ongoing fight against systemic racism and oppression of Black communities. It would be immoral to stand by in silence and do nothing when we are able to reach and aid so many others. We stand in solidarity with our Black peers and the Black Lives Matter movement we will thus use our platform consciously ... See More,https://www.facebook.com/groups/zoommemes/permalink/336649910691154/,8700
zoommemes,Suji Kayla Shiv,1592555046,2020-06-19 08:24:06 PDT-0700,08:24:06,the only reason i wake up before noon is to check turnip prices on animal crossing,,2100
zoommemes,Danny Yim,1592201722,2020-06-15 06:15:22 PDT-0700,06:15:22,2020 cant get any worst,,6700
zoommemes,Sarah Pritchard,1592765989,2020-06-21 18:59:49 PDT-0700,18:59:49,,,12000
zoommemes,Chrishan Fernando,1586648232,2020-04-11 23:37:12 PDT-0700,23:37:12,,,13000
zoommemes,Troi Keiran,1593197823,2020-06-26 18:57:03 PDT-0700,18:57:03,,,27
zoommemes,Amelia Angelina,1592867854,2020-06-22 23:17:34 PDT-0700,23:17:34,,,1500
zoommemes,Sarcasm,1591829274,2020-06-10 22:47:54 PDT-0700,22:47:54,the graduating batch of 2020 before and after,,6500
zoommemes,Christopher Musngi,1592867476,2020-06-22 23:11:16 PDT-0700,23:11:16,,,114
zoommemes,MCA events,1593022120,2020-06-24 18:08:40 PDT-0700,18:08:40,I made this meme before graduation was cancelled<comma> dont hate me...,,766
zoommemes,Jai Dang,1592554786,2020-06-19 08:19:46 PDT-0700,08:19:46,,,3700
zoommemes,Wenna Wu,1592370482,2020-06-17 05:08:02 PDT-0700,05:08:02,,,4300
zoommemes,Folk Musician Memes,1586443397,2020-04-09 14:43:17 PDT-0700,14:43:17,,,59
zoommemes,Logan Stuart,1592595774,2020-06-19 19:42:54 PDT-0700,19:42:54,This and also food deliveries. Anyone else ,,1400
zoommemes,Chelsey Zhu,1592466212,2020-06-18 07:43:32 PDT-0700,07:43:32,,,6100
zoommemes,Candice Branella,1593107192,2020-06-25 17:46:32 PDT-0700,17:46:32,Wear a mask and wear clothes please,,67
zoommemes,The naked mole rat,1592647246,2020-06-20 10:00:46 PDT-0700,10:00:46,well too bad we cant do anything else now  whos watching seize the light,,251
zoommemes,Nguyen Nè,1592762424,2020-06-21 18:00:24 PDT-0700,18:00:24,,,18000
zoommemes,Shaey Carlo Vega,1592596148,2020-06-19 19:49:08 PDT-0700,19:49:08,global pandemic Facebook,,7600
zoommemes,Erin Nicole Hale,1591397825,2020-06-05 22:57:05 PDT-0700,22:57:05,,,12000
zoommemes,Furqan,1590864159,2020-05-30 18:42:39 PDT-0700,18:42:39,my mental calculator on tests I am Speed,,3500
zoommemes,Jessica Echevarria,1592928698,2020-06-23 16:11:38 PDT-0700,16:11:38,Where do you look in a Zoom meeting Comment if Ive missed any.,,54
zoommemes,Dani Le'Redd Pierre,1592286474,2020-06-16 05:47:54 PDT-0700,05:47:54,Idk bro I dont feel good ,,1100
zoommemes,Raksha Kannan,1592867260,2020-06-22 23:07:40 PDT-0700,23:07:40,All of us in the future looking back at 2020 ,,69
zoommemes,Steven Tukel,1592555002,2020-06-19 08:23:22 PDT-0700,08:23:22,,,5300
zoommemes,Savyasachi Thakur,1592928733,2020-06-23 16:12:13 PDT-0700,16:12:13,When the professor with the harshest late policy has your back,,1200
zoommemes,Shehla Chowdhury,1591643777,2020-06-08 19:16:17 PDT-0700,19:16:17,I know Im excited ,,605
zoommemes,Jimmi Hopkins,1593106743,2020-06-25 17:39:03 PDT-0700,17:39:03,I may not owe my university anything<comma> but Im in 700<comma>000 bells deep with Tom Nook,,48
zoommemes,3am Thoughts,1592647449,2020-06-20 10:04:09 PDT-0700,10:04:09,No ones gonna die in vain in 2020,,3400
zoommemes,Shelby Shaw,1592867660,2020-06-22 23:14:20 PDT-0700,23:14:20,i dont know if this is relatable or if music school is just weird,,1400
zoommemes,Humour Train,1593107793,2020-06-25 17:56:33 PDT-0700,17:56:33,,,20
zoommemes,Raksha Kannan,1593106801,2020-06-25 17:40:01 PDT-0700,17:40:01,Professor Do you mind turning on your video Helps me guage the class involvement Students in their pyjamas.... ,,13
zoommemes,Nathania Hartojo,1592564353,2020-06-19 10:59:13 PDT-0700,10:59:13,How quarantine really be rip,,11000
zoommemes,Emad Abbasi,1592244297,2020-06-15 18:04:57 PDT-0700,18:04:57,,,9000
zoommemes,Student Problems,1592867421,2020-06-22 23:10:21 PDT-0700,23:10:21,,,5600
zoommemes,Hanna Dobrynski,1592845728,2020-06-22 17:08:48 PDT-0700,17:08:48,If anyone needs me<comma> Ill be making a 60 minute rendition of Bad Romance,,573
zoommemes,J.P. Guarnieri,1592370534,2020-06-17 05:08:54 PDT-0700,05:08:54,F ,,2900
zoommemes,Mary Yang,1592349764,2020-06-16 23:22:44 PDT-0700,23:22:44,,,14000
zoommemes,Micah Wormack,1593107003,2020-06-25 17:43:23 PDT-0700,17:43:23,Hey everyone<comma> doing a little research and would appreciate your feedback. Hope everyone is staying safe and not too bored stuck at home. On a scale from 110 how difficult has it been transitioning from in person classes to online classes With 1 being easy transition and 10 being bro i cant do online Also would you consider taking a semester off if classes were online the following semester,,19
zoommemes,Devonne Boulware,1592279797,2020-06-16 03:56:37 PDT-0700,03:56:37,,,6400
zoommemes,Símran Parékh,1592201912,2020-06-15 06:18:32 PDT-0700,06:18:32,who else loved this as a kid  f r o m Subtle Average Asians,,2600
zoommemes,Jashley Nicole,1589661572,2020-05-16 20:39:32 PDT-0700,20:39:32,I LOVE IKEA SO MUCH.,,2700
zoommemes,Angeline Ang,1593022295,2020-06-24 18:11:35 PDT-0700,18:11:35,Who decided to call it possibility of a second outbreak and not a wave check ,,1100
zoommemes,Anoushka Chandra,1592582579,2020-06-19 16:02:59 PDT-0700,16:02:59,Out of all the memes I submitted 2 months ago yall approved this one ,,486
zoommemes,Tony Santos,1592699928,2020-06-21 00:38:48 PDT-0700,00:38:48,,,7700
zoommemes,Rishi Sundaresan,1592286366,2020-06-16 05:46:06 PDT-0700,05:46:06,,,1900
zoommemes,Maddie Morgan,1592596166,2020-06-19 19:49:26 PDT-0700,19:49:26,,,4200
zoommemes,Taylor Bailey,1590950410,2020-05-31 18:40:10 PDT-0700,18:40:10,iTs tHE qUencHiEsT when the world needed it most<comma> avatar returned ,,10000
zoommemes,Jorel Alegre,1590950369,2020-05-31 18:39:29 PDT-0700,18:39:29,,,6300
zoommemes,Diana Cristina Jumalon,1592596375,2020-06-19 19:52:55 PDT-0700,19:52:55,Since we started working remotely<comma> my job has decided to start using Discord to stay connected. This was my coworkers first foray into Discord.,,1800
zoommemes,Kishan Trivedi,1592156724,2020-06-14 17:45:24 PDT-0700,17:45:24,,,5700
zoommemes,Mfon Kester David,1592867397,2020-06-22 23:09:57 PDT-0700,23:09:57,LIBERATE ,,870
zoommemes,Worlds Best Beauties by Shanti Gulechha,1592765928,2020-06-21 18:58:48 PDT-0700,18:58:48,Pee on your own mask,,5700
zoommemes,Rachel Fu,1593022795,2020-06-24 18:19:55 PDT-0700,18:19:55,Was your summer internship canceled Looking for a great volunteer opportunity to put on your resume Look no further  join ConnectinPlace CIP is a free online summer camp for middle school and high schoolaged kids<comma> with college students leading 1hour sessions on topics like dance<comma> creative writing<comma> and coding. In addition to offering educational enrichment classes<comma> we are also organizing various support groups. We are currently in the first of two sessions for this p... See More,https://www.facebook.com/groups/zoommemes/permalink/354930028863142/,37
zoommemes,Student Problems,1592789888,2020-06-22 01:38:08 PDT-0700,01:38:08,DONATE HERE httpsblacktrans.orgcazoommemesforblacktranslives part 3 i improvise music until we finish raising 6000 for the Black Trans Advocacy Coalition<comma> the nations leading advocacy organization for Black trans people helping address the inequities faced in health<comma> employment<comma> housing<comma> education<comma> and currently offering financial assistance to Black trans people affected by COVID19 LEARN MORE HERE httpsblacktransmen.orgwhatwedo Feel free to suggest ... See More,https://www.facebook.com/groups/zoommemes/permalink/353218495700962/,641
zoommemes,Nathan Hollis,1592647380,2020-06-20 10:03:00 PDT-0700,10:03:00,Ok boomers,,7700
zoommemes,Jeff Liu,1592421154,2020-06-17 19:12:34 PDT-0700,19:12:34,,,3500
zoommemes,Yash Mirashi,1593107758,2020-06-25 17:55:58 PDT-0700,17:55:58,Guys New fun iso game Scramble is a remote scavenger hunt game. All you need is a video connection and some random household objects. Run around the house racing your friends and family for objects,,7
zoommemes,Hanna Dobrynski,1591775158,2020-06-10 07:45:58 PDT-0700,07:45:58,We went from making banana bread to learning how to dismantle the police,,12000
zoommemes,Ernesto Duran,1591829588,2020-06-10 22:53:08 PDT-0700,22:53:08,Ae yew fokin kiddeng me mayte,,5800
zoommemes,Gray Gaertner,1593015960,2020-06-24 16:26:00 PDT-0700,16:26:00,This is my mom<comma> a hero to me and subconsciously my everything ,,3500
zoommemes,Jasmine Brown,1592595563,2020-06-19 19:39:23 PDT-0700,19:39:23,postcovid nonzoom scenes,,3100
zoommemes,Jeff Liu,1590616089,2020-05-27 21:48:09 PDT-0700,21:48:09,,,51
zoommemes,Mark Madison,1592554842,2020-06-19 08:20:42 PDT-0700,08:20:42,Its gonna be weird listening to lecturers in person after listening to them on 2x speed for the last 2 months,,2500
zoommemes,Amanda Aw,1593106576,2020-06-25 17:36:16 PDT-0700,17:36:16,Big oof for my Jersey people,,87
zoommemes,Stephanie Lin,1592421518,2020-06-17 19:18:38 PDT-0700,19:18:38,Idk who the op is but had to share ,,11000
zoommemes,Rachel Wang,1591678269,2020-06-09 04:51:09 PDT-0700,04:51:09,raise your hand if youve lost all motivation to complete the semester,,974
zoommemes,Temi Ijisesan,1592765834,2020-06-21 18:57:14 PDT-0700,18:57:14,I didnt zone out<comma> I zoomed out its different,,1500
zoommemes,Capital XTRA,1592160195,2020-06-14 18:43:15 PDT-0700,18:43:15,,,17000
zoommemes,Moises Balayla,1591604236,2020-06-08 08:17:16 PDT-0700,08:17:16,,,536
zoommemes,Megan Katrina Edward,1592370592,2020-06-17 05:09:52 PDT-0700,05:09:52,,,8000
zoommemes,Raksha Kannan,1592798230,2020-06-22 03:57:10 PDT-0700,03:57:10,,,1300
zoommemes,Sophie Grey,1591829360,2020-06-10 22:49:20 PDT-0700,22:49:20,,,4100
zoommemes,Rachael Lydia Middleton,1589809705,2020-05-18 13:48:25 PDT-0700,13:48:25,I cant be the only one,,6300
zoommemes,Ph.D. Humour and Facts,1592508922,2020-06-18 19:35:22 PDT-0700,19:35:22,for quaranteens doing long distance or stuck in the CovidZone <comma> weve put together a collection of virtual activities and date nights for your Zoom dates to come<comma> share with those in need  httpsletsfondue.comfonduemap,,958
zoommemes,Tanima Chakma,1593047438,2020-06-25 01:10:38 PDT-0700,01:10:38,ANY PARKS AND REC FANS A FREAKIN PARKS AND REC SPECIAL OMG FOR COVID RELIEF 3,,142
zoommemes,Danny Casale,1591731085,2020-06-09 19:31:25 PDT-0700,19:31:25,unfortunate,,22000
zoommemes,Laura Chapman,1592699909,2020-06-21 00:38:29 PDT-0700,00:38:29,,,2500
zoommemes,Amy Miller,1589644940,2020-05-16 16:02:20 PDT-0700,16:02:20,You ever get so bored in iso you make your own Harry Potter digital escape room Inspired by the HP digital escape room thats been floating around<comma> I decided to make my own<comma> designed to be done with your friends  On average it takes about 1  1.5 hours to complete and can be done with however many people you want. Can also be done solo if you have no friends  HOW IT WORKS Get on a group call with all your mates<comma> make sure you each open up the link on your own device<comma> and ... See More,https://www.facebook.com/groups/zoommemes/permalink/294984968190982/,3200
zoommemes,Venus Triplitt-Bubbles,1592762391,2020-06-21 17:59:51 PDT-0700,17:59:51,Dang it,,1400
zoommemes,Srivatsa Kumar,1593107045,2020-06-25 17:44:05 PDT-0700,17:44:05,haha anyway anyone want to play maplestory with me after the semester end queer folx especially welcomed.  gamers welcome to chat me up on discord this post was back from two months ago when maplestory was having a double exp event lol i alrd deleted it. sentiment still counts tho,,12
zoommemes,Gean Vincent Almendras,1591816284,2020-06-10 19:11:24 PDT-0700,19:11:24,चयउ नखऊ ह नन See Translation,,14000
zoommemes,Angeline Ang,1592554711,2020-06-19 08:18:31 PDT-0700,08:18:31,Professors when they lag for a solid 10sec then double up in 1sec,,1200
zoommemes,Ana Singh,1593107494,2020-06-25 17:51:34 PDT-0700,17:51:34,what week is it bro,,88
zoommemes,Matthew Wong,1593106782,2020-06-25 17:39:42 PDT-0700,17:39:42,Essentials,,5
zoommemes,Kaustubh Khamgaonkar,1592765995,2020-06-21 18:59:55 PDT-0700,18:59:55,,,585
zoommemes,Brian YJ Lee,1593108040,2020-06-25 18:00:40 PDT-0700,18:00:40,,,50
zoommemes,Caroline Lim,1593108015,2020-06-25 18:00:15 PDT-0700,18:00:15,Save life,,137
zoommemes,Julie Huang,1593042856,2020-06-24 23:54:16 PDT-0700,23:54:16,Hey yall  I am creating this video project called to honor the Class of 2020s college experience and share it with the world. I want this project to be super inclusive and feature people from colleges and universities around the world. This post has more information about it httpswww.linkedin.comamaraanigbomycovidgraduationm Please share this with your friends and lets make history ,,19
zoommemes,Sophie Gerchikov,1593107514,2020-06-25 17:51:54 PDT-0700,17:51:54,,,184
zoommemes,Arielle Wilbur,1593106527,2020-06-25 17:35:27 PDT-0700,17:35:27,Tag your friends  Collab with Lizzie Edwards for our IG meme page FarmToMarketMemes,,12
zoommemes,,1593106692,2020-06-25 17:38:12 PDT-0700,17:38:12,When all the kids with a streaming setup get put in the same class,,15
zoommemes,Music Life,1593106346,2020-06-25 17:32:26 PDT-0700,17:32:26,Anyone else gonna submit something like this And yes<comma> class about Beatles do exists,,2
zoommemes,Moksheta Chellani,1592582576,2020-06-19 16:02:56 PDT-0700,16:02:56,Quarantine mood Me I need to sleep Body thats not happening Me tries to sleep... See More,https://www.facebook.com/groups/zoommemes/permalink/306653640357448/,990
zoommemes,Luo Yang,1592555053,2020-06-19 08:24:13 PDT-0700,08:24:13,My brain at 4 am go to sleep Me Makes a meme,,1900
zoommemes,Janice Harper,1592325940,2020-06-16 16:45:40 PDT-0700,16:45:40,,,4100
zoommemes,Katie Zhao,1592286793,2020-06-16 05:53:13 PDT-0700,05:53:13,,,8400
zoommemes,Kankshini Pabba,1593022687,2020-06-24 18:18:07 PDT-0700,18:18:07,,,243
zoommemes,The Duck King,1592350098,2020-06-16 23:28:18 PDT-0700,23:28:18,,,294
zoommemes,Muhammad Umar,1593015977,2020-06-24 16:26:17 PDT-0700,16:26:17,Another one...I dont even think the HORNY POLICE could  this,,52
zoommemes,,1593015972,2020-06-24 16:26:12 PDT-0700,16:26:12,I thought I was stressed<comma> but this is ungodly,,96
zoommemes,Zoom Memes for Self Quarantining Teens,1592762291,2020-06-21 17:58:11 PDT-0700,17:58:11,No need to sugarcoat it ,,1400
zoommemes,Bobathy Boba,1592762281,2020-06-21 17:58:01 PDT-0700,17:58:01,HaCceRmAn,,2800
zoommemes,Fatima Al Romaithi,1593042986,2020-06-24 23:56:26 PDT-0700,23:56:26,When no one else in your zoom lecture wants to answer the question so you raise your hand just to end the awkward silence,,83
zoommemes,Juan Hernandez,1592867251,2020-06-22 23:07:31 PDT-0700,23:07:31,,,4300
zoommemes,Christie Hiroko Wood,1592867472,2020-06-22 23:11:12 PDT-0700,23:11:12,I never knew I would relate to this so much. It truly is harder than it looks,,288
zoommemes,Matt Bernstein,1592765809,2020-06-21 18:56:49 PDT-0700,18:56:49,Hi friends please double check where youre sending your messages. I messed up twice  Kena Haun,,256
zoommemes,Rachel Minckler,1590449814,2020-05-25 23:36:54 PDT-0700,23:36:54,Everyone practice safe social distancing Boston,,2100
zoommemes,Jacob Bauer,1592160280,2020-06-14 18:44:40 PDT-0700,18:44:40,Something so controversial yet so brave,,17000
zoommemes,Philosopher Games,1591829908,2020-06-10 22:58:28 PDT-0700,22:58:28,,,396
zoommemes,Shayan Rasheed,1592113531,2020-06-14 05:45:31 PDT-0700,05:45:31,Any future History Professors excited about the 2020 unit,,1100
zoommemes,The Best Movie Lines,1592286840,2020-06-16 05:54:00 PDT-0700,05:54:00,,,468
zoommemes,Aqsa Noor,1592867698,2020-06-22 23:14:58 PDT-0700,23:14:58,huh turns out that impossible question posted on Chegg mightve been fake ,,649
zoommemes,Lazy Potato,1591643957,2020-06-08 19:19:17 PDT-0700,19:19:17,,,4400
zoommemes,Emily Chandler,1591829853,2020-06-10 22:57:33 PDT-0700,22:57:33,,,5600
zoommemes,Jeffrey Wang,1592523207,2020-06-18 23:33:27 PDT-0700,23:33:27,Time to end the virus guys ,,2400
zoommemes,Kamren Walker,1592522611,2020-06-18 23:23:31 PDT-0700,23:23:31,Since this is one of the largest groups spanning across the globe that im a member of has anyone in here caught COVID I know tons of people that are still denying its existence. Im kind of curious to hear about your experiences. My mom is a Home Care nurse and she hasnt had any symptoms but she knows a lot of patients who have it My great uncle tested positive and was close to death for months but just recovered My girlfriend and I both work food service in Cincinnati OH and most of our customers dont wear masks<comma> and most people seem to have moved past it.,,647
zoommemes,Student Problems,1591828367,2020-06-10 22:32:47 PDT-0700,22:32:47,When you manage to get out of bed before noon,,661
zoommemes,Benjamin Thomas,1591677292,2020-06-09 04:34:52 PDT-0700,04:34:52,this isnt how i expected to evolve,,4600
zoommemes,Elizabeth Le,1592402893,2020-06-17 14:08:13 PDT-0700,14:08:13, ,,765
zoommemes,Jo Smith,1592402874,2020-06-17 14:07:54 PDT-0700,14:07:54,oppa ,,2900
zoommemes,Bhavini Sharma,1586143845,2020-04-06 03:30:45 PDT-0700,03:30:45,Can the coronavirus save me from having to take the MCAT,,12000
zoommemes,Jimmi Hopkins,1591613396,2020-06-08 10:49:56 PDT-0700,10:49:56,,,4600
zoommemes,Nick Stanley,1589291595,2020-05-12 13:53:15 PDT-0700,13:53:15,zoom,,2400
zoommemes,Allison Ou,1592024311,2020-06-13 04:58:31 PDT-0700,04:58:31,,,9400
zoommemes,Janice Harper,1590603321,2020-05-27 18:15:21 PDT-0700,18:15:21,The struggle,,9800
zoommemes,Eve Skosey-LaLonde,1590915246,2020-05-31 08:54:06 PDT-0700,08:54:06,,,2700
zoommemes,Kayce Meadows,1591829721,2020-06-10 22:55:21 PDT-0700,22:55:21,Quarantine Day I dont even know anymore,,3200
zoommemes,Maya Prin Thagoon,1592279489,2020-06-16 03:51:29 PDT-0700,03:51:29,,,14000
zoommemes,Mossaab Abaouz,1592396995,2020-06-17 12:29:55 PDT-0700,12:29:55,,,13000
zoommemes,Joanna Kuniszyk,1591644202,2020-06-08 19:23:22 PDT-0700,19:23:22,,,8700
zoommemes,Daniel Flint,1592244485,2020-06-15 18:08:05 PDT-0700,18:08:05,Me in class,,449
zoommemes,Kwaku Jyamfi,1592523217,2020-06-18 23:33:37 PDT-0700,23:33:37,inspired by httpswww.facebook.comgroupszoommemespermalink306002203755925 this is a joke haha jk unless ,,253
zoommemes,Amir Livadic,1592496107,2020-06-18 16:01:47 PDT-0700,16:01:47,Being stuck inside all the time and forced to reflect on yourself as a person 247,,1200
zoommemes,Russel Pitt,1590031876,2020-05-21 03:31:16 PDT-0700,03:31:16,It be like that,,5600
zoommemes,Anna Banowsky,1592867402,2020-06-22 23:10:02 PDT-0700,23:10:02,hey everyone so I make redbubble stickers and I decided to make a whole bunch of quarantinethemed ones Ill leave the link below but I think they are pretty funny and yall would enjoy checking them out my insta for my business is designedbyrachel for college designs and more httpswww.redbubble.compeoplerpadnisshop,,79
zoommemes,David Jackson,1588197310,2020-04-29 21:55:10 PDT-0700,21:55:10,It really be like that sometimes,,17000
zoommemes,Sarah Nelson,1591598281,2020-06-08 06:38:01 PDT-0700,06:38:01,,,1900
zoommemes,Bakhtyar Siddiqui,1591026776,2020-06-01 15:52:56 PDT-0700,15:52:56,Quarantine schedules can be hard to coordinate,,11000
zoommemes,Kira Namiko Wales,1590366544,2020-05-25 00:29:04 PDT-0700,00:29:04,how did we have the energy,,19000
zoommemes,Josef Hicks,1587358467,2020-04-20 04:54:27 PDT-0700,04:54:27,Hi everyone If yall want a game with no limit on the number for your zoom calls<comma> Covidopoly is for you. httpscovidopoly.io Ive made an online<comma> multiplayer card game called Covidopoly. I made it to play with my team and friends while were stuck at home. Weve been having a lot of fun with it<comma> so I figured Id put it out for everybody else. facebook group httpswww.facebook.comgroups703406470404317... See More,https://www.facebook.com/groups/zoommemes/permalink/295625084793637/,3900
zoommemes,Great British Memes,1590524249,2020-05-26 20:17:29 PDT-0700,20:17:29,Ending the semester strongly ,,23000
zoommemes,Aditya Joglekar,1592097012,2020-06-14 01:10:12 PDT-0700,01:10:12,quarantine tings,,4800
zoommemes,Bobathy Boba,1592647429,2020-06-20 10:03:49 PDT-0700,10:03:49,,,315
zoommemes,Dhruv Nandakumar,1592402928,2020-06-17 14:08:48 PDT-0700,14:08:48,,,5900
zoommemes,Kevin Pham,1592766058,2020-06-21 19:00:58 PDT-0700,19:00:58,,,294
zoommemes,Natalie DiMundo,1592370569,2020-06-17 05:09:29 PDT-0700,05:09:29,,,14000
zoommemes,Ben Lin,1584372292,2020-03-16 15:24:52 PDT-0700,15:24:52,,,3200
zoommemes,Jesse Uwu,1593042863,2020-06-24 23:54:23 PDT-0700,23:54:23,Hey yall  I am creating this video project called to honor the Class of 2020s college experience and share it with the world. I want this project to be super inclusive and feature people from colleges and universties around the world. This post has more information about it httpswww.linkedin.comamaraanigbomycovidgraduationm Please share this with your friends and lets make history ,,17
zoommemes,Cristian Ortiz,1592845712,2020-06-22 17:08:32 PDT-0700,17:08:32,zoo,,356
zoommemes,Venus Triplitt-Bubbles,1592647292,2020-06-20 10:01:32 PDT-0700,10:01:32,i couldnt stop thinking about this meme so i finally made it,,1100
zoommemes,Cindy Quach,1592496122,2020-06-18 16:02:02 PDT-0700,16:02:02,,,2000
zoommemes,Hanna Dobrynski,1592867811,2020-06-22 23:16:51 PDT-0700,23:16:51,,,1000
zoommemes,Gurtej Barhmi,1588029059,2020-04-27 23:10:59 PDT-0700,23:10:59,,,19000
zoommemes,Arfin Mith,1592596422,2020-06-19 19:53:42 PDT-0700,19:53:42,,,3500
zoommemes,Humans of Tumblr,1592522704,2020-06-18 23:25:04 PDT-0700,23:25:04,Who would be interested in a virtual MUN Depending on interest<comma> it may have multiple committees<comma> topics<comma> etc. Thinking it should focus on issues and responses of multilateral organizations to COVID19. Can be as serious or frivolous as chairs allow. Zoom would mean no need for note passing<comma> although it would let chairs see what notes are being passed and call delegates out.... See More,https://www.facebook.com/groups/zoommemes/permalink/306199357069543/,402
zoommemes,Jordan Spindel,1592096878,2020-06-14 01:07:58 PDT-0700,01:07:58,,,3300
zoommemes,Jeff Liu,1592765985,2020-06-21 18:59:45 PDT-0700,18:59:45,,,2400
zoommemes,Hima Chan,1585459785,2020-03-29 05:29:45 PDT-0700,05:29:45,,,1700
zoommemes,Ana Singh,1590957168,2020-05-31 20:32:48 PDT-0700,20:32:48,pc ASU memes for innovative teens,,5800
zoommemes,Marcelino Hernandez,1591039496,2020-06-01 19:24:56 PDT-0700,19:24:56,,,414
zoommemes,Nathan Marquam,1591604173,2020-06-08 08:16:13 PDT-0700,08:16:13,I just had an intense conversation w my stuffed animal wdym ,,8400
zoommemes,Neeraj Vamshi,1591604127,2020-06-08 08:15:27 PDT-0700,08:15:27,,,2700
zoommemes,Niamh McIntosh-Yee,1591763747,2020-06-10 04:35:47 PDT-0700,04:35:47,When you quarantine for so long that now you dont even know how to function your limbs,,874
zoommemes,Kyle Barrett,1591829726,2020-06-10 22:55:26 PDT-0700,22:55:26,,,1600
zoommemes,Yang Unfiltered,1591830006,2020-06-10 23:00:06 PDT-0700,23:00:06,,,2400
zoommemes,Victoria Mei Brendel,1591917339,2020-06-11 23:15:39 PDT-0700,23:15:39,Prof be trippin after reading it,,14000
zoommemes,Ari Miller,1591917928,2020-06-11 23:25:28 PDT-0700,23:25:28,,,541
zoommemes,Pablo Piecatso,1591829629,2020-06-10 22:53:49 PDT-0700,22:53:49,Spoiler alert,,581
zoommemes,Ernesto González,1591760108,2020-06-10 03:35:08 PDT-0700,03:35:08,,,4900
zoommemes,Melinda Zsori,1592024216,2020-06-13 04:56:56 PDT-0700,04:56:56,In 2020 we dont say i care about you instead we say haha loool Edit its 615. Im sitting sipping soup. My dad is trying to show my mom a video on WeChat. She said saw it already. Its official<comma> theyre getting a divorce. Shameless plug haha jk I dont need clout,,3700
zoommemes,Bakhtyar Siddiqui,1592072805,2020-06-13 18:26:45 PDT-0700,18:26:45,Were waiting ,,11000
zoommemes,Kishan Trivedi,1592160149,2020-06-14 18:42:29 PDT-0700,18:42:29,hAnG iN tHeRe ,,3500
zoommemes,Kwaku Jyamfi,1592286426,2020-06-16 05:47:06 PDT-0700,05:47:06, Edit I submitted this at least a month ago and its still true ,,778
zoommemes,Sagar Hugar,1593021891,2020-06-24 18:04:51 PDT-0700,18:04:51,The past few weeks have shown how our society systemically oppresses Black people and resists change even when millions of people demand reform. A major perpetrator of antiBlack racism is our education system. Our public school system chronically fails to provide the full picture of the ramifications of slavery<comma> the oppression of Black Americans and how racism in this country never diedit evolved. ... See More,https://www.facebook.com/groups/zoommemes/permalink/354162908939854/,62
zoommemes,Kyle Barrett,1592496220,2020-06-18 16:03:40 PDT-0700,16:03:40,,,1000
zoommemes,Li Shun,1593015965,2020-06-24 16:26:05 PDT-0700,16:26:05,The worst nationwide zoom class of all<comma> facts or lack thereof,,6
zoommemes,TK Karunarathna,1593015894,2020-06-24 16:24:54 PDT-0700,16:24:54,give me back my senior year ,,115
zoommemes,Josh Mariscal,1590341186,2020-05-24 17:26:26 PDT-0700,17:26:26,,,6500
zoommemes,Jessica Echevarria,1592113434,2020-06-14 05:43:54 PDT-0700,05:43:54,Wow,,20000
zoommemes,Aishwarya Rane,1592024238,2020-06-13 04:57:18 PDT-0700,04:57:18,I put hella makeup on for a 30 min meeting with my bald<comma> married<comma> middle aged academic advisor. How are yall doing,,4700
zoommemes,Jeremy Green,1591829702,2020-06-10 22:55:02 PDT-0700,22:55:02,,,4600
zoommemes,Bakhtyar Siddiqui,1591760453,2020-06-10 03:40:53 PDT-0700,03:40:53,  ,,9600
zoommemes,Jennifer Zhang,1592765737,2020-06-21 18:55:37 PDT-0700,18:55:37,,,998
zoommemes,Marcelino Hernandez,1592845767,2020-06-22 17:09:27 PDT-0700,17:09:27,This meme did not age well lol,,438
zoommemes,Micah Wormack,1592762310,2020-06-21 17:58:30 PDT-0700,17:58:30,,,448
zoommemes,Bryan Silva,1590680850,2020-05-28 15:47:30 PDT-0700,15:47:30,My thought process during reading.,,5900
zoommemes,La Guiri,1592867515,2020-06-22 23:11:55 PDT-0700,23:11:55,I have been seeing some of this thought process around here and it makes me sad. Lets not let the 1 convince us were to blame,,506
zoommemes,Sam Min Sello,1591763463,2020-06-10 04:31:03 PDT-0700,04:31:03,I feel attacked,,17000
zoommemes,Samuel Cheng,1591917913,2020-06-11 23:25:13 PDT-0700,23:25:13,,,10000
zoommemes,Nia Choi,1592867992,2020-06-22 23:19:52 PDT-0700,23:19:52,,,187
zoommemes,James Wang,1592765972,2020-06-21 18:59:32 PDT-0700,18:59:32,Some spicy Reddit memes I came across,,346
zoommemes,Venus Triplitt-Bubbles,1592798383,2020-06-22 03:59:43 PDT-0700,03:59:43,,,1200
zoommemes,Cordelia Hsu,1592867807,2020-06-22 23:16:47 PDT-0700,23:16:47,One of our uni professor stalked her students on whatsapp to see if theyre online  The following voice notes said I wasnt born yesterday Youre fasting for Ramadan and Youre cheating,,90
zoommemes,Srinath Murali,1591816280,2020-06-10 19:11:20 PDT-0700,19:11:20,,,675
zoommemes,Chris Oliver Stone,1592867959,2020-06-22 23:19:19 PDT-0700,23:19:19,Eat<comma> sleep<comma> rinse  repeat,,154
zoommemes,Manish Aryal,1592867231,2020-06-22 23:07:11 PDT-0700,23:07:11,I just want to say a BIG congratulations to the class of 2020 Us seniors really had a rough last semester but we pulled through. I also want to say good luck to everyone continuing their college careers,,522
zoommemes,Sharon Park,1592508869,2020-06-18 19:34:29 PDT-0700,19:34:29,All of us.,,1000
